Skrót ,Pełna Nazwa,Kraj ,Typ 
BHX2,"BHX2
ROBSON WAY ELLISTOWN,
COALVILLE,
LE67 1GQ",INTERNATIONAL,INTERNATIONAL
BHX3,"BHX3
ROYAL OAK WAY NORTH
DAVENTRY,
NN11 8QL",INTERNATIONAL,INTERNATIONAL
CWL1,"CWL1
FFORD AMAZON CRYMLYN BURROWS,
SWANSEA,
SA1 8QX",INTERNATIONAL,INTERNATIONAL
EDI4,"EDI4
AMAZON WAY
DUNFERMLINE,
KY11 8XT",INTERNATIONAL,INTERNATIONAL
EUK5,"EUK5
PHASE TWO,
KINGSTON PARK,
FLAXLEY ROAD PETERBOROUGH,
PE2 9EN",INTERNATIONAL,INTERNATIONAL
GLA1,"GLA1
2 CLOCH ROAD,
FAULDS PARK GOUROCK,
PA19 1BQ",INTERNATIONAL,INTERNATIONAL
LBA1,"LBA1
UNIT 1,
BALBY CARR BANK BALBY,
DONCASTER,
DN4 5JS",INTERNATIONAL,INTERNATIONAL
LBA2,"LBA2
UNIT 1,
IPORT AVENUE NEW ROSSINGTON,
DONCASTER,
DN11 0BG",INTERNATIONAL,INTERNATIONAL
LBA3,"LBA3
UNIT 3,
WATER VOLE WAY BALBY,
DONCASTER,
DN4 5JP",INTERNATIONAL,INTERNATIONAL
LCY1,"LCY1
UNIT B – PROLOGIS PARK,
TWELVE TREES CRESCENT LONDON,
E3 3JG",INTERNATIONAL,INTERNATIONAL
LCY2,"LCY2
UNIT 2,
LONDON DISTRIBUTION PARK,
WINDRUSH ROAD TILBURY,
RM18 7AN",INTERNATIONAL,INTERNATIONAL
LTN1,"LTN1
MARSTON GATE FULFULFILMENT CENTRE
RIDGMONT,
MK43 0ZA",INTERNATIONAL,INTERNATIONAL
LTN2,"LTN2
BOUNDARY WAY HEMEL
HEMPSTEAD,
HP2 7LF",INTERNATIONAL,INTERNATIONAL
LTN4,"LTN4
UNIT DC1 (PROLOGIS) BOSCOMBE ROAD
DUNSTABLE,
LU5 4FE",INTERNATIONAL,INTERNATIONAL
MAN1,"MAN1
6 SUNBANK LANE,
AIRPORT CITY ALTRINCHAM,
MANCHESTER,
M90 5AA",INTERNATIONAL,INTERNATIONAL
MAN2,"MAN2
OMEGA PLOT 7C,
ORION BOULEVARD GREAT SANKEY,
WARRINGTON,
WA5 3XA",INTERNATIONAL,INTERNATIONAL
XUKA,"XUKA
ASTON LANE NORTH,
WHITEHOUSE INDUSTRIAL ESTATE RUNCORN,
WA7 3BN",INTERNATIONAL,INTERNATIONAL
XUKC,"XUKC
RUTHERFORD DRIVE,
PARK FARM SOUTH WELLINGBOROUGH,
NN8 6AQ",INTERNATIONAL,INTERNATIONAL
XUKD,"XUKD
UNIT A DAVENTRY DISTRIBUTION CENTRE,
ROYAL OAK WAY NORTH DAVENTRY,
NN11 8LR",INTERNATIONAL,INTERNATIONAL
XUKK,"XUKK
MERLIN PARK II,
WOOD LANE BIRMINGHAM,
B24 9QJ",INTERNATIONAL,INTERNATIONAL
BER3,"BER3
HAVELLANDSTR. 5
BRIESELANG,
14656",INTERNATIONAL,INTERNATIONAL
BER6,"BER6
AM BORSIGTURM 100
BERLIN,
13507",INTERNATIONAL,INTERNATIONAL
BER8,"BER8
AM MÖLLENPFUHL 2
SCHÖNEFELD,
12529",INTERNATIONAL,INTERNATIONAL
CGN1,"CGN1
AMAZONSTR. 1 / INDUSTRIEPARK A61
KOBERN-GONDORF,
56330",INTERNATIONAL,INTERNATIONAL
CGN9,"CGN9
DÜSSELDORFER STR. 118
DORMAGEN,
41541",INTERNATIONAL,INTERNATIONAL
DBW,"DBW
STEINZEUGSTRASSE
MANNHEIM,
68229",INTERNATIONAL,INTERNATIONAL
DBY1,"DBY1
BREMER STR. 105
NÜRNBERG,
90451",INTERNATIONAL,INTERNATIONAL
DHB1,"DHB1
ERICH-KÜHLMANN-STRASSE 9
BREMEN,
28197",INTERNATIONAL,INTERNATIONAL
DHH1,"DHH1
PEUTESTRASSE 32
HAMBURG,
20539",INTERNATIONAL,INTERNATIONAL
DHH2,"DHH2
KIRCHENWEG 2
KALTENKIRCHEN,
24568",INTERNATIONAL,INTERNATIONAL
DNM8,"DNM8
GRETLADE 1
HANNOVER-SEHNDE,
31319",INTERNATIONAL,INTERNATIONAL
DMU1,"DMU1
GEWERBERING 11A/11B
OLCHING,
82140",INTERNATIONAL,INTERNATIONAL
DNW1,"DNW1
MEESMANNSTRASSE 105
BOCHUM,
44807",INTERNATIONAL,INTERNATIONAL
DTM1,"DTM1
CARL-ZEISS-STRASSE 3
WERNE,
59368",INTERNATIONAL,INTERNATIONAL
DTM2,"DTM2
KALTBANDSTR. 4
DORTMUND,
44145",INTERNATIONAL,INTERNATIONAL
DTM8,"DTM8
AN DER RÖMERSCHANZE 19
KREFELD,
47809",INTERNATIONAL,INTERNATIONAL
DUS2,"DUS2
AMAZONSTR. 1 / ALTE LANDSTR.
RHEINBERG,
47495",INTERNATIONAL,INTERNATIONAL
DUS4,"DUS4
HAMBURGRING 10
MÖNCHENGLADBACH,
41179",INTERNATIONAL,INTERNATIONAL
EDE4,"EDE4
WAHRBRINK 25
WERNE,
59368",INTERNATIONAL,INTERNATIONAL
EDE5,"EDE5
WAHRBRINK 23
WERNE,
59368",INTERNATIONAL,INTERNATIONAL
FRA1,"FRA1
AM SCHLOSS EICHHOF 1 BAD
HERSFELD,
36251",INTERNATIONAL,INTERNATIONAL
FRA3,"FRA3
AMAZONSTR. 1 / OBERE KÜHNBACH BAD
HERSFELD,
36251",INTERNATIONAL,INTERNATIONAL
FRA7,"FRA7
AM RÖMIG
FRANKENTHAL,
67227",INTERNATIONAL,INTERNATIONAL
FRAX,"FRAX
MAINZER STR. 35
GERNSHEIM,
64579",INTERNATIONAL,INTERNATIONAL
HAJ8,"HAJ8
GRABENFELDSTRASSE 1
GARBSEN,
30823",INTERNATIONAL,INTERNATIONAL
HAM2,"HAM2
BORGWARDSTR. 10 WINSEN AN DER
LUHE,
21423",INTERNATIONAL,INTERNATIONAL
LEJ1,"LEJ1
AMAZONSTR. 1
LEIPZIG,
04347",INTERNATIONAL,INTERNATIONAL
LEJ2,"LEJ2
FRIEDRICHSHAFENER STRASSE 72A
LEIPZIG,
04357",INTERNATIONAL,INTERNATIONAL
LEJ3,"LEJ3
BIELEFELDER STR.
SÜLZETAL,
39171",INTERNATIONAL,INTERNATIONAL
LEJ5,"LEJ5
AM STEINGARTEN 2
GERA,
07554",INTERNATIONAL,INTERNATIONAL
MUC3,"MUC3
AMAZONSTR. 1
GRABEN,
86836",INTERNATIONAL,INTERNATIONAL
DE,"DE
OTTO-HAHN-STRASSE 3
WOLFHAGEN,
34466",INTERNATIONAL,INTERNATIONAL
NUE9,"NUE9
FÄHRSTR. 12
EGGOLSHEIM,
91330",INTERNATIONAL,INTERNATIONAL
STR1,"STR1
AMAZONSTR. 1
PFORZHEIM,
75177",INTERNATIONAL,INTERNATIONAL
PAD1,"PAD1
OELDE,
GEWERBEPARK AUREA RHEDA-WIEDENBRÜCK,
33378",INTERNATIONAL,INTERNATIONAL
XDEB,"XDEB
IM FULDATAL 2 LUDWIGSAU OT
MECKLAR,
36251",INTERNATIONAL,INTERNATIONAL
XDEH,"XDEH
INDUSTRIEGEBIET ALSBERG
RENNEROD,
56477",INTERNATIONAL,INTERNATIONAL
XDEI,"XDEI
BEI DER LEHMKUHLE 2 NEU
WULMSTORF-MIENENBUETTEL,
21629",INTERNATIONAL,INTERNATIONAL
XDEJ,"XDEJ
SIEGFRIED-LAPAWA-STRASSE 1
SONNEFELD,
96242",INTERNATIONAL,INTERNATIONAL
XDES,"XDES
SCHILLENBRINK 4 – 6
LÖHNE,
32584",INTERNATIONAL,INTERNATIONAL
XDET,"XDET
BORNWIESE 1
MALSFELD,
34323",INTERNATIONAL,INTERNATIONAL
XDEU,"XDEU
BARENTSSTRASSE 24
EUSKIRCHEN,
53881",INTERNATIONAL,INTERNATIONAL
XSC1,"XSC1
HANS-GEIGER-STR. 7
KAISERSLAUTERN,
67661",INTERNATIONAL,INTERNATIONAL
ORY1,"ORY1
POLE 45,
1401 RUE DU CHAMP ROUGE SARAN,
45770",INTERNATIONAL,INTERNATIONAL
ORY4,"ORY4
ESSAIS EN VOL,
2 RUE DU CENTRE BRÉTIGNY-SUR-ORGE,
91220",INTERNATIONAL,INTERNATIONAL
MRS1,"MRS1
BUILDING II ZAC LES PORTES DE PROVENCE
MONTELIMAR,
26200",INTERNATIONAL,INTERNATIONAL
LYS1,"LYS1
1 RUE AMAZON – ZAC DU PARC D’ACTIVITÉ DU VAL DE BOURGOGNE – DISTRIPÔLE CHALON
SEVREY,
71100",INTERNATIONAL,INTERNATIONAL
LIL1,"LIL1
1 RUE AMAZON LAUWIN
PLANQUE,
59553",INTERNATIONAL,INTERNATIONAL
BVA1,"BVA1
1 AVENUE DU SUPERBE ORÉNOQUE,
ZAC JULES VERNES – SECTEUR EST BOVES,
80440",INTERNATIONAL,INTERNATIONAL
91220,"91220
BRÉTIGNY-SUR-ORGE
BRÉTIGNY-SUR-ORGE,
91220",INTERNATIONAL,INTERNATIONAL
XFRE,"XFRE
PARC DES CHÊNES NORD 135,
RUE DU BRISSON ZI ST QUENTIN FALLAVIER,
BÂTIMENT „IDC9” SATOLAS-ET-BONCE,
38290",INTERNATIONAL,INTERNATIONAL
XFRF,"XFRF
AVENUE LOUIS RENAULT,
BÂTIMENT 3,
ZAC DU VAL BRÉON CHÂTRES EN BRIE,
77610",INTERNATIONAL,INTERNATIONAL
XFRG,"XFRG
ZAC DU MOULIN
ARTENAY,
45410",INTERNATIONAL,INTERNATIONAL
XFRH,"XFRH
PARC D’ACTIVITÉ DE CHANTELOUP BÂTIMENT 8A MOISSY
CRAMAYEL,
77550",INTERNATIONAL,INTERNATIONAL
BCN1,"BCN1
AVIGUNDA DE LES GARRIGUES 6-8 EL PRAT DE
LLOBREGAT,
08820",INTERNATIONAL,INTERNATIONAL
BCN2,"BCN2
CARRER DE LA VERNADA,
22 MARTORELLES,
08107",INTERNATIONAL,INTERNATIONAL
BCN3,"BCN3
CARRER FERRO,
12 CASTELLBISBAL,
08755",INTERNATIONAL,INTERNATIONAL
MAD4,"MAD4
AVENIDA DE ASTRONOMÍA,
24 SAN FERNANDO DE HENARES,
28830",INTERNATIONAL,INTERNATIONAL
MAD5,"MAD5
POLIGONO DE LOS VAILANES
MADRID,
28096",INTERNATIONAL,INTERNATIONAL
MAD6,"MAD6
AVENIDA LOGÍSTICA,
13,
TOLEDO ILLESCAS,
45200",INTERNATIONAL,INTERNATIONAL
SVQ1,"SVQ1
POLIGONO SEN 22,
SEVILLA DOS HERMANAS,
41703",INTERNATIONAL,INTERNATIONAL
XESA,"XESA
AVENIDA RÍO HENARES,
16 ALOVERA,
19208",INTERNATIONAL,INTERNATIONAL
XESB,"XESB
AVENIDA DEL RIO HENARES
ALOVERA,
19208",INTERNATIONAL,INTERNATIONAL
XESC,"XESC
AMAZON DELIVERIES,
AVENIDA DE LAS PUNTAS,
10 CONSTANTÍ,
43120",INTERNATIONAL,INTERNATIONAL
FCO1,"FCO1
VIA DELLA MECCANICA,
4 PASSO CORESE,
02032",INTERNATIONAL,INTERNATIONAL
MXP3,"MXP3
VIA RITA LEVI MONTALCINI,
2 VERCELLI,
13100",INTERNATIONAL,INTERNATIONAL
MXP5,"MXP5
STRADA DOGANA PO 2U CASTEL SAN
GIOVANNI,
29015",INTERNATIONAL,INTERNATIONAL
TRN1,"TRN1
STRADA PROVINCIALE PER RONDISSONE 90 TORRAZZA
PIEDMONTE,
10037",INTERNATIONAL,INTERNATIONAL
XITC,"XITC
VIA ALDO MORO,
4 FRANCOLINO DI CARPIANO (MI),
20080",INTERNATIONAL,INTERNATIONAL
XITD,"XITD
VIALE MAESTRI DEL LAVORO 990 ARQUÀ
POLESINE,
45031",INTERNATIONAL,INTERNATIONAL
PRG1,"PRG1
U TRATI 216
DOBROVÍZ,
25261",INTERNATIONAL,INTERNATIONAL
PRG2,"PRG2
K AMAZONU 245
DOBROVÍZ,
25261",INTERNATIONAL,INTERNATIONAL
CWL2,"CWL2
UNIT 1,
3 ERDINGTON,
PEDDIMORE,
MINWORTH SUTTON COLDFIELD,
B76 9BL",INTERNATIONAL,INTERNATIONAL
EMA1,"EMA1
UNIT 1,
SUMMIT PARK,
SHERWOOD WAY SOUTH SUTTON IN ASHFIELD,
NG17 5LD",INTERNATIONAL,INTERNATIONAL
EBH1,"EBH1
UNIT 1,
LOGICOR PARK,
17 K STRATEGIA WEST DRAYTON,
UB7 0LB",INTERNATIONAL,INTERNATIONAL
BRS2,"BRS2
SYMMETRY PARK,
ASTON CL BRISTOL,
BS32 0BF",INTERNATIONAL,INTERNATIONAL
LPL2,"LPL2
21 NEWTON ROAD
WARRINGTON,
WA5 3UX",INTERNATIONAL,INTERNATIONAL
MME1,"MME1
PLOT 1,
HARTLEPOOL RD DARLINGTON,
DL2 1TT",INTERNATIONAL,INTERNATIONAL
MME2,"MME2
TEES DOCK RD
MIDDLESBROUGH,
TS6 6UU",INTERNATIONAL,INTERNATIONAL
POO1,"POO1
UNIT 1,
CABOT LN POOLE,
BH17 7BX",INTERNATIONAL,INTERNATIONAL
SNO1,"SNO1
G-PARK,
417 PLOTS SWINDON,
SN4 6TT",INTERNATIONAL,INTERNATIONAL
STN1,"STN1
UNIT 4,
STN PARK STEVENAGE,
SG1 2FW",INTERNATIONAL,INTERNATIONAL
BHX9,"BHX9
PLOT 4A,
TAME VALLEY INDUSTRIAL ESTATE TAMWORTH,
B77 5BY",INTERNATIONAL,INTERNATIONAL
XUKX,"XUKX
26
STOKE-ON-TRENT,
ST5 9QD",INTERNATIONAL,INTERNATIONAL
XUKP,"XUKP
UNIT 2,
LONDON DISTRIBUTION PARK,
WINDRUSH ROAD TILBURY,
RM18 7AN",INTERNATIONAL,INTERNATIONAL
XUKQ,"XUKQ
UNIT A,
DAVENTRY DISTRIBUTION CENTRE,
ROYAL OAK WAY NORTH DAVENTRY,
NN11 8LR",INTERNATIONAL,INTERNATIONAL
XUKR,"XUKR
OMEGA PLOT 7C,
ORION BOULEVARD GREAT SANKEY,
WARRINGTON,
WA5 3XA",INTERNATIONAL,INTERNATIONAL
XUKS,"XUKS
UNIT 1,
BALBY CARR BANK BALBY,
DONCASTER,
DN4 5JS",INTERNATIONAL,INTERNATIONAL
XUKT,"XUKT
UNIT 3,
WATER VOLE WAY BALBY,
DONCASTER,
DN4 5JP",INTERNATIONAL,INTERNATIONAL
XUKU,"XUKU
MARSTON GATE FULFILMENT CENTRE
RIDGMONT,
MK43 0ZA",INTERNATIONAL,INTERNATIONAL
XUKV,"XUKV
BOUNDARY WAY HEMEL
HEMPSTEAD,
HP2 7LF",INTERNATIONAL,INTERNATIONAL
XUKW,"XUKW
UNIT DC1 (PROLOGIS) BOSCOMBE ROAD
DUNSTABLE,
LU5 4FE",INTERNATIONAL,INTERNATIONAL
AUH1,"AUH1
AM ETZBERG 1
GABLINGEN,
86459",INTERNATIONAL,INTERNATIONAL
BAD1,"BAD1
VOR TANNEN 1
PHILIPPSBURG,
76661",INTERNATIONAL,INTERNATIONAL
FHH1,"FHH1
NORDERELBSTR. 15
HAMBURG,
20457",INTERNATIONAL,INTERNATIONAL
HAJ1,"HAJ1
OT B-SÜD
LEHRTE,
31275",INTERNATIONAL,INTERNATIONAL
HEI1,"HEI1
AM OHLBACH 1
GESEKE,
59590",INTERNATIONAL,INTERNATIONAL
LEJ4,"LEJ4
S-ALLEE 1
LANDSBERG,
06188",INTERNATIONAL,INTERNATIONAL
LUE1,"LUE1
FRIEDRICH-VORWERK-STR. 13
LÜNEBURG,
21337",INTERNATIONAL,INTERNATIONAL
MDY1,"MDY1
JÄGERSTR. 1
MAGDEBURG,
39112",INTERNATIONAL,INTERNATIONAL
MER1,"MER1
LEUNASTR. 50
LEUNA,
06217",INTERNATIONAL,INTERNATIONAL
NEU1,"NEU1
DR.-ISIDOR-NEUMANN-STR. 1
NEURUPPIN,
16816",INTERNATIONAL,INTERNATIONAL
NUE1,"NUE1
CONRAD-RÖNTGEN-STR. 2
ERLANGEN,
91052",INTERNATIONAL,INTERNATIONAL
NUE2,"NUE2
HAMBURGER STR. 99
NÜRNBERG,
90451",INTERNATIONAL,INTERNATIONAL
NUE3,"NUE3
AM TOWER 12
NÜRNBERG,
90475",INTERNATIONAL,INTERNATIONAL
NUE5,"NUE5
AM EUROPAKAI 12
NÜRNBERG,
90451",INTERNATIONAL,INTERNATIONAL
NUE6,"NUE6
HAMBURGER STR. 38
NÜRNBERG,
90451",INTERNATIONAL,INTERNATIONAL
RIE1,"RIE1
AM ALTEN FLUGPL. 1
SCHMÖLLN,
04626",INTERNATIONAL,INTERNATIONAL
RTM1,"RTM1
WESTFALENHÜTTE-ALLEE 185
DORTMUND,
44145",INTERNATIONAL,INTERNATIONAL
WAB1,"WAB1
J.-G.-GUTENBERG-STR. 1 BAD
SALZSCHLIRF,
36364",INTERNATIONAL,INTERNATIONAL
WIH1,"WIH1
ROBERT-BOSCH-STR. 10
WINKELSETT,
27243",INTERNATIONAL,INTERNATIONAL
ZAO1,"ZAO1
AM WEISSEN BERG 1
ZWICKAU,
08056",INTERNATIONAL,INTERNATIONAL
XDEAA,"XDEAA
26
STOKE-ON-TRENT,
ST5 9QD",INTERNATIONAL,INTERNATIONAL
XDEC,"XDEC
UNIT 2,
LONDON DISTRIBUTION PARK,
WINDRUSH ROAD TILBURY,
RM18 7AN",INTERNATIONAL,INTERNATIONAL
XDEE,"XDEE
UNIT A,
DAVENTRY DISTRIBUTION CENTRE,
ROYAL OAK WAY NORTH DAVENTRY,
NN11 8LR",INTERNATIONAL,INTERNATIONAL
XDEFG,"XDEFG
OMEGA PLOT 7C,
ORION BOULEVARD GREAT SANKEY,
WARRINGTON,
WA5 3XA",INTERNATIONAL,INTERNATIONAL
XDEK,"XDEK
BOUNDARY WAY HEMEL
HEMPSTEAD,
HP2 7LF",INTERNATIONAL,INTERNATIONAL
XDEL,"XDEL
UNIT DC1 (PROLOGIS) BOSCOMBE ROAD
DUNSTABLE,
LU5 4FE",INTERNATIONAL,INTERNATIONAL
XDEM,"XDEM
6 SUNBANK LANE,
AIRPORT CITY ALTRINCHAM,
MANCHESTER,
M90 5AA",INTERNATIONAL,INTERNATIONAL
XDEN,"XDEN
UNIT 1,
IPORT AVENUE NEW ROSSINGTON,
DONCASTER,
DN11 0BG",INTERNATIONAL,INTERNATIONAL
PMI1,"PMI1
CARRER GREMÍ DE TRAGINERS
PALMA,
07009",INTERNATIONAL,INTERNATIONAL
SNN1,"SNN1
C. SENDA DE LA MIRADA,
15 GRANDA,
33199",INTERNATIONAL,INTERNATIONAL
VIT1,"VIT1
JUNDIZ KALEA,
1 VITORIA-GASTEIZ,
01015",INTERNATIONAL,INTERNATIONAL
ZAZ1,"ZAZ1
PL. DE LA LOGÍSTICA,
1 ZARAGOZA,
50197",INTERNATIONAL,INTERNATIONAL
BGY1,"BGY1
VIA G. MARCONI,
1 CASTEL ROZZONE,
24040",INTERNATIONAL,INTERNATIONAL
BLQ1,"BLQ1
VIA LOGISTICA
BENTIVOGLIO,
40010",INTERNATIONAL,INTERNATIONAL
BRI1,"BRI1
STR. LA GRAVA
MODUGNO,
70026",INTERNATIONAL,INTERNATIONAL
CAG1,"CAG1
V.LE LA PLAIA,
15 CAGLIARI,
09123",INTERNATIONAL,INTERNATIONAL
CGO1,"CGO1
VIA P. EMANUELLI,
1 SAN GIOVANNI TEATINO,
66020",INTERNATIONAL,INTERNATIONAL
CTA1,"CTA1
SP69,
3 MISTERBIANCO,
95045",INTERNATIONAL,INTERNATIONAL
FCO2,"FCO2
VIA ARDEATINA,
249 SANTA PALOMBA,
00040",INTERNATIONAL,INTERNATIONAL
RBA1,"RBA1
VIA BOMARZO,
8 ROMA,
00138",INTERNATIONAL,INTERNATIONAL
RMN1,"RMN1
VIA B. DALLA SETA,
4 RIMINI,
47922",INTERNATIONAL,INTERNATIONAL
ROI1,"ROI1
VIALE DELLE INDUSTRIE,
1 SAN BELLINO,
45030",INTERNATIONAL,INTERNATIONAL
SCY1,"SCY1
VIA S.S. 80
L'AQUILA,
67010",INTERNATIONAL,INTERNATIONAL
TRD1,"TRD1
SP105
TARANTO,
74123",INTERNATIONAL,INTERNATIONAL
VRN1,"VRN1
STR. DELL'ALPO,
20 VERONA,
37136",INTERNATIONAL,INTERNATIONAL
BCN4,"BCN4
POLIGON LOGIS EMPORDA,
PARCELA 1 EL FAR DEMPORDA,
17469",INTERNATIONAL,INTERNATIONAL
BRE2,"BRE2
VECHTAER STRASSE 35,
GEBAEUDENUMMER 207 GROSSENKNETEN,
26197",INTERNATIONAL,INTERNATIONAL
BRE4,"BRE4
MAX-NAUMANN-STRASSE 1
ACHIM,
28832",INTERNATIONAL,INTERNATIONAL
BRQ2,"BRQ2
1511 PADLÝCH HRDINŮ
KOJETIN,
752 01",INTERNATIONAL,INTERNATIONAL
BRS1,"BRS1
GOLDCREST WAY,
SEVERN BEACH BRISTOL,
BS35 4DJ",INTERNATIONAL,INTERNATIONAL
CDE9,"CDE9
ROBERT GUTHMANN STR 30 KÖNIGS
WUSTERHAUSEN,
15713",INTERNATIONAL,INTERNATIONAL
CGE9,"CGE9
STEINAUER WEG 7
AURACH,
91589",INTERNATIONAL,INTERNATIONAL
DBB1,"DBB1
AM MAGNA PARK 12 WERDER
(HAVEL),
14542",INTERNATIONAL,INTERNATIONAL
DBE2,"DBE2
DEDERINGSTRASSE 3-19
BERLIN,
12107",INTERNATIONAL,INTERNATIONAL
DBE3,"DBE3
DIGITALSTRASSE 2-6
HOPPEGARTEN,
15366",INTERNATIONAL,INTERNATIONAL
DHE1,"DHE1
TIBERSTRASSE 2
RAUNHEIM,
65479",INTERNATIONAL,INTERNATIONAL
DSY1,"DSY1
HANS-WITTWER-STRASSE,
20 SCHKEUDITZ,
04435",INTERNATIONAL,INTERNATIONAL
DSY2,"DSY2
AM MART 9
LAMPERTSWALDE,
01561",INTERNATIONAL,INTERNATIONAL
DSY6,"DSY6
AM ALTEN FLUGHAFEN 1
LEIPZIG,
04356",INTERNATIONAL,INTERNATIONAL
DTM3,"DTM3
WARMBREITBANDSTRASSE 3
DORTMUND,
44145",INTERNATIONAL,INTERNATIONAL
DVI1,"DVI1
JULIUS RAAB-STRASSE 26
VIENNA,
2203",INTERNATIONAL,INTERNATIONAL
DVI2,"DVI2
PERFEKTASTRASSE 71
VIENNA,
1230",INTERNATIONAL,INTERNATIONAL
ERF1,"ERF1
JOSEPH-MEYER-STRASSE 4
ERFURT,
99095",INTERNATIONAL,INTERNATIONAL
ETZ2,"ETZ2
1,
ROUTE DE FEY AUGNY,
57685",INTERNATIONAL,INTERNATIONAL
EUROTERMINAL,"EUROTERMINAL
RUE JEAN DE SELYS-LONGCHAMPS,
5 GRÂCE-HOLLOGNE,
4460",INTERNATIONAL,INTERNATIONAL
HEDAS,"HEDAS
B6 KLEVER RING 9
KLEVE,
47533",INTERNATIONAL,INTERNATIONAL
IMMS,"IMMS
DOCKSIDE TERMINAL WESTERN ACC. RD IMMINGHAM DOCK
IMMINGHAM,
DN40 2LZ",INTERNATIONAL,INTERNATIONAL
KSF7,"KSF7
OTTO-HAHN-STRASSE 3
WOLFHAGEN,
34466",INTERNATIONAL,INTERNATIONAL
LEJ7,"LEJ7
ORIONSTRASSE 4
KABELSKETAL,
06184",INTERNATIONAL,INTERNATIONAL
MAD7,"MAD7
C. ANCORA,
35 ILLESCAS,
45200",INTERNATIONAL,INTERNATIONAL
MAN3,"MAN3
UNIT E1,
LOGISTICS NORTH BOLTON,
BL51EE",INTERNATIONAL,INTERNATIONAL
MUC9,"MUC9
ZEPPELINSTRASSE 8
GRABEN,
86836",INTERNATIONAL,INTERNATIONAL
MXP6,"MXP6
VIA LUIGI EINAUDI
NOVARA,
28100",INTERNATIONAL,INTERNATIONAL
OVD1,"OVD1
ALDEA BOBES,
54 SIERO,
33429",INTERNATIONAL,INTERNATIONAL
PAD2,"PAD2
WESTFALENSTRASSE 10 HORN-BAD
MEINBERG,
32805",INTERNATIONAL,INTERNATIONAL
PFENNING_LGW,"PFENNING_LGW
GROSSE HEIDE 15
WALDLAUBERSHEIM,
55444",INTERNATIONAL,INTERNATIONAL
PKG_PRG,"PKG_PRG
IZRAELSKÁ 3160/6
PRAGUE,
100-00",INTERNATIONAL,INTERNATIONAL
PRG9,"PRG9
U NOVE HOSPODY 1164
PLZEŇ,
301 00",INTERNATIONAL,INTERNATIONAL
PSR2,"PSR2
VIALE GERMANIA,
114 SAN SALVO,
66050",INTERNATIONAL,INTERNATIONAL
RMU1,"RMU1
CALLE ISIDRO VIVANCOS
MUNOZ,
PARQUE LOGISTICO DEL SURESTE MURCIA,",INTERNATIONAL,INTERNATIONAL
SCN2,"SCN2
VON-MILLER-STRASSE 24
KAISERSLAUTERN,
67661",INTERNATIONAL,INTERNATIONAL
SCUX,"SCUX
CUXPORT TERMINAL NEUFELDER SCHANZE 4
CUXHAVEN,
27472",INTERNATIONAL,INTERNATIONAL
SDEV,"SDEV
GRONER SIEKANGER 3-4
GOETTINGEN,
37081",INTERNATIONAL,INTERNATIONAL
SHRT-PRG2-1,"SHRT-PRG2-1
OLDŘICHOVA 158
KLADNO,
272 03",INTERNATIONAL,INTERNATIONAL
SNN4,"SNN4
UNIT E,
BALDONNEL BUSINESS PARK,
N7 NAAS ROAD DUBLIN,
D22 X5R2",INTERNATIONAL,INTERNATIONAL
STR2,"STR2
OGGENHAUSER HAUPTSTRASSE 151 HEIDENHEIM AN DER
BRENZ,
89522",INTERNATIONAL,INTERNATIONAL
TIP_FEHRBELLIN,"TIP_FEHRBELLIN
FEHRBELLINER STR. 6D
FEHRBELLIN,
16833",INTERNATIONAL,INTERNATIONAL
TIP_HOF,"TIP_HOF
VICEBURGSTRASSE 10 A
HOF,
95032",INTERNATIONAL,INTERNATIONAL
TIP_LANDSBERG,"TIP_LANDSBERG
CARLSFELDER STRASSE 2
LANDSBERG,
06188",INTERNATIONAL,INTERNATIONAL
TIP_SENFTENBERG,"TIP_SENFTENBERG
INDUSTRIEPARK
SENFTENBERG,
01968",INTERNATIONAL,INTERNATIONAL
TIP_VORLAND,"TIP_VORLAND
BAHNHOFSTRASSE 13 KÜSTRINER
VORLAND,
15328",INTERNATIONAL,INTERNATIONAL
VEDD,"VEDD
AMAZON VEDD C/O SIEWERT & KAU,
WALTER-GROPIUS-STRASSE 12A BERGHEIM,
50126",INTERNATIONAL,INTERNATIONAL
VEMF,"VEMF
WEGASTRASSE 6
HALLE,
06116",INTERNATIONAL,INTERNATIONAL
VEML,"VEML
SACHTLEBENSTRASSE 1,
AMAZON VEML C/O MÜLLER-LILA LOGISTICS DORMAGEN,
41541",INTERNATIONAL,INTERNATIONAL
VEQB,"VEQB
AMAZON VEQB C/O TECHDATA,
ZANKELTRAD 11 ESLARN,
92693",INTERNATIONAL,INTERNATIONAL
WS_HAUNECK,"WS_HAUNECK
KUEHNE + NAGEL,
BLAUE LIEDE 14 HAUNECK,
36282",INTERNATIONAL,INTERNATIONAL
XFRS,"XFRS
50,
BOULEVARD DE L EUROPE COMBS-LA-VILLE,
77380",INTERNATIONAL,INTERNATIONAL
XNLA,"XNLA
VOLLENHOVERMEER 39
OSS,
5347",INTERNATIONAL,INTERNATIONAL
XUKM,"XUKM
UNIT 15 COALFIELD WAY ASHBY DE LA
ZOUCH,
LE65 1JR",INTERNATIONAL,INTERNATIONAL
HHN9,"HHN9
VOR DER SCHANZ 1
GINSHEIM-GUSTAVSBURG,
65462",INTERNATIONAL,INTERNATIONAL
DBY5,"DBY5
GEWERBEGEBIET LIMBACH 14
POMMERSFELDEN,
96178",INTERNATIONAL,INTERNATIONAL
BEX9D,"BEX9D
MEYER & MEYER,
AM TIE 8 OSNABRÜCK,
49086",INTERNATIONAL,INTERNATIONAL
RLEI,"RLEI
HANS-GRADE-STRASSE 2
LEIPZIG,
04158",INTERNATIONAL,INTERNATIONAL
MHG7,"MHG7
IN DER AU 10
FLORSTADT,
61197",INTERNATIONAL,INTERNATIONAL
KPRO5,"KPRO5
HÖHSCHEIDER WEG 29
SOLINGEN,
42699",INTERNATIONAL,INTERNATIONAL
DTM9,"DTM9
BRAUCKSTRASSE 30
WITTEN,
58454",INTERNATIONAL,INTERNATIONAL
XDE9,"XDE9
GRABENFELDSTRASSE
GARBSEN,
30826",INTERNATIONAL,INTERNATIONAL
LCY3,"LCY3
RENNIE DRIVE
DARTFORD,
DA1 5PZ",INTERNATIONAL,INTERNATIONAL
KTW1,"KTW1
INWESTYCYJNA 19
SOSNOWIEC,
41-208",NATIONAL,NATIONAL
KTW3,"KTW3
BOJKOWSKA 80
GLIWICE,
44-141",NATIONAL,NATIONAL
KTW4,"KTW4
INWESTYCYJNA 10
SOSNOWIEC,
41-200",NATIONAL,NATIONAL
LCJ3,"LCJ3
JÓZEFÓW 3A
ŁÓDŹ,
93-614",NATIONAL,NATIONAL
LCJ4,"LCJ4
JÓZEFÓW 3A
ŁÓDŹ,
93-614",NATIONAL,NATIONAL
LCJ2,"LCJ2
PAWLIKOWICE 155
PAWLIKOWICE,
95-200",NATIONAL,NATIONAL
POZ1,"POZ1
POZNANSKA 1D
SADY,
62-080",NATIONAL,NATIONAL
POZ2,"POZ2
CHOCIULE 100
CHOCIULE,
66-200",NATIONAL,NATIONAL
SZZ1,"SZZ1
KOLBASKOWO 156
KOLBASKOWO,
72-001",NATIONAL,NATIONAL
WRO1,"WRO1
CZEKOLADOWA 1 BIELANY
WROCLAWSKIE,
55-040",NATIONAL,NATIONAL
WRO2,"WRO2
LOGISTYCZNA 6 BIELANY
WROCLAWSKIE,
55-040",NATIONAL,NATIONAL
WRO3,"WRO3
CZEKOLADOWA 1 BIELANY
WROCLAWSKIE,
55-040",NATIONAL,NATIONAL
WRO5,"WRO5
OKMIANY 3C
OKMIANY,
59-225",NATIONAL,NATIONAL
XDR1,"XDR1
SŁOWIANSKA 13B
ZGORZELEC,
59-900",NATIONAL,NATIONAL
XPO1,"XPO1
NOWA NIEDRZWICA 58
PRZYTOCZNA,
66-340",NATIONAL,NATIONAL
XWR3,"XWR3
ENERGETYCZNA 12
KRZYŻOWICE-WIERZBICA,
55-040",NATIONAL,NATIONAL
WRO6,"WRO6
UL. LOGISTYCZNA,
6 BIELANY WROCŁAWSKIE,
55-040",NATIONAL,NATIONAL
KAMPOL,"KAMPOL
ŹRÓDŁA,
UL. MASZYNOWA 9 MIĘKINIA,
55-330",NATIONAL,NATIONAL
KESL,"KESL
SWIECKO - BUILDING NUMBER 14,
SŁUBICE,ŚWIECKO 37 SŁUBICE,
69-100",NATIONAL,NATIONAL
KTW5,"KTW5
UL. WILKOWIEC 4
GORZYCZKI,
44-350",NATIONAL,NATIONAL
OSYW,"OSYW
UL. J.,
KS POPIEŁUSZKI 44 KATY WROCLAWSKIE,
55-040",NATIONAL,NATIONAL
PALLET_HUB3_PL,"PALLET_HUB3_PL
DĄBROWA LEŚNA 7 KĘDZIERZYN
KOŹLE,
47-223",NATIONAL,NATIONAL
PATTERN_PL,"PATTERN_PL
UL. TARGOWA 3
WROCLAW,
52-326",NATIONAL,NATIONAL
PKG_SZZ1,"PKG_SZZ1
PRZYSZŁOŚCI 15A
SZCZECIN,
70-893",NATIONAL,NATIONAL
PWRO5,"PWRO5
OKMIANY,
UL SZWEDZKA 4E OKMIANY,
59-225",NATIONAL,NATIONAL
RSWR,"RSWR
SWARZEDZ TERMINAL,
RABOWICKA 77 JASIN,
62-020",NATIONAL,NATIONAL
SHRT-KTW3-1,"SHRT-KTW3-1
GLIWICKA 20
PYSKOWICE,
44-120",NATIONAL,NATIONAL
VEFE,"VEFE
AMAZON VEFE C/O PANTOS LOGISTICS,
RELAKSOWA 44 NOWA WIEŚ WROCŁAWSKA,
55-080",NATIONAL,NATIONAL
VEIR,"VEIR
UL. LOGISTYCZNA 7
DABROWKA,
62-070",NATIONAL,NATIONAL
VILSAIT,"VILSAIT
IWR5 AMAZON ICC,
BOLESLAWIEC SLASKI UL. PRZEMYSLOWA 5 BOLESLAWIEC SLASKI,
59-700",NATIONAL,NATIONAL
WS_WROCLAW,"WS_WROCLAW
UL. OPOLSKA 188
WROCLAW,
52014",NATIONAL,NATIONAL
XDR1_ID,"XDR1_ID
UL. SLOWIANSKA
ZGORZELEC,
59-900",NATIONAL,NATIONAL
XPLA,"XPLA
LOGISTICS POLAND,
KRAJKÓW ,UL. LOGISTYCZNA 4 KRAJKÓW,
55-020",NATIONAL,NATIONAL
XPLB,"XPLB
KRZYSZTOFA KOLUMBA 25
KOMORNIKI,
62-052",NATIONAL,NATIONAL
XPLC,"XPLC
LOGISTICS POLAND,
ZGORZELEC,UL. SLOWIANSKA ZGORZELEC,
59-900",NATIONAL,NATIONAL
XPLD,"XPLD
LOGISTICS POLAND,
MIEDZYRZECZ NOWA NIEDRZWICA 58 MIEDZYRZECZ,
66-340",NATIONAL,NATIONAL
XPLE,"XPLE
LOGISTICS POLAND,
KRZYŻOWICE ENERGETYCZNA 12 KRZYŻOWICE,
55-040",NATIONAL,NATIONAL
XPO2,"XPO2
BOISKOWA 12
LEGNICA,
59-220",NATIONAL,NATIONAL
XWR4,"XWR4
UL. LOGISTYCZNA 4
KRAJKÓW,
55-020",NATIONAL,NATIONAL
YWRO,"YWRO
GROMADKA,
ROZYNIEC 85 ,LSSE KRZYWA GROMADKA,
59-706",NATIONAL,NATIONAL
ZLJ,"ZLJ
SOSNOWA 15A
ZLOTORYJA,
59-500",NATIONAL,NATIONAL
RKTW,"RKTW
GWARECKA 16
ZABRZE,
41808",NATIONAL,NATIONAL
WRO45,"WRO45
JAWORZYŃSKA 261D
LEGNICA,
59-22",NATIONAL,NATIONAL
SIS_TRANS,"SIS_TRANS
NADBRZEZIE 15
KRAKÓW,
31983",NATIONAL,NATIONAL
XWR6,"XWR6
ZIELONOGÓRSKA 3
CTPARK SULECHÓW
NOWY ŚWIAT, LUBUSZ
66-131",NATIONAL,NATIONAL
PRG5,"PRG5
PRŮMYSLOVÁ 88
VRSKMAŇ, CENTRAL BOHEMIAN REGION
431 11",INTERNATIONAL,INTERNATIONAL
BTS2,"BTS2
AMAZONSKA 4753
SERED, TRNAVA
92601",INTERNATIONAL,INTERNATIONAL
OSYG-1,"OSYG-1
AM ZEUGAMT 4,
04758 OSCHATZ",INTERNATIONAL,INTERNATIONAL
TRN3,"TRN3
STRADA JOHN FITZGERALD KENNEDY
ALESSANDRIA, PIEDMONT
15122",INTERNATIONAL,INTERNATIONAL
BHLE,"BHLE
DOMO COLLECTION
LEŚNA 6
ŚREM, WIELKOPOLSKIE
63-100",NATIONAL,NATIONAL
BHLE,"BHLE
DOMO COLLECTION
LEŚNA 6
ŚREM, WIELKOPOLSKIE
63-100",NATIONAL,NATIONAL
DTM1,"DTM1
CARL-ZEISS-STRASSE 3
WERNE,
59368",INTERNATIONAL,INTERNATIONAL
